1|0|https://www.gannett-cdn.com/-mm-/05b227ad5b8ad4e9dcb53af4f31d7fbdb7fa901b/c=0-64-2119-1259/local/-/media/USATODAY/USATODAY/2014/08/13/1407953244000-177513283.jpg|https://www.lux-review.com/wp-content/uploads/2019/09/turkish-hotel.jpg|https://www.welcome-hotels.com/site/assets/files/35059/welcome_hotel_marburg_lobby_2k.2560x1600.jpg|[END]
2|0|https://example.com/image2.jpg|https://example.com/image2.png|https://example.com/image2.gif|[END]
3|0|https://a.storyblok.com/f/58806/1164x784/20ee327044/berlin_city_01_skyline_unsplash.jpeg|[END]
4|0|https://a.storyblok.com/f/58806/1164x784/20ee327044/berlin_city_01_skyline_unsplash.jpeg|https://example.com/image4.png|https://example.com/image4.gif|https://example.com/image4.webp|[END]
5|0|https://a.storyblok.com/f/58806/1164x784/20ee327044/berlin_city_01_skyline_unsplash.jpeg|https://example.com/image5.png|[END]
6|0|https://a.storyblok.com/f/58806/1164x784/20ee327044/berlin_city_01_skyline_unsplash.jpeg|[END]
7|0|https://a.storyblok.com/f/58806/1164x784/20ee327044/berlin_city_01_skyline_unsplash.jpeg|https://example.com/image7.png|https://example.com/image7.gif|[END]
8|0|https://a.storyblok.com/f/58806/1164x784/20ee327044/berlin_city_01_skyline_unsplash.jpeg|https://example.com/image8.png|https://example.com/image8.gif|https://example.com/image8.webp|[END]
9|0|https://example.com/image9.jpg|https://example.com/image9.png|[END]
10|0|https://example.com/image10.jpg|https://example.com/image10.png|https://example.com/image10.gif|https://example.com/image10.webp|[END]
11|0|https://a.storyblok.com/f/58806/1164x784/20ee327044/berlin_city_01_skyline_unsplash.jpeg|[END]
12|0|e|[END]
13|0|url.url|[END]
14|0|https://a.storyblok.com/f/58806/1164x784/20ee327044/berlin_city_01_skyline_unsplash.jpeg|[END]
15|0|https://a.storyblok.com/f/58806/1164x784/20ee327044/berlin_city_01_skyline_unsplash.jpeg|[END]
16|0|https://i.natgeofe.com/k/5b396b5e-59e7-43a6-9448-708125549aa1/new-york-statue-of-liberty_2x1.jpg|https://blog-www.pods.com/wp-content/uploads/2019/04/MG_1_1_New_York_City-1.jpg|[END]
17|0|https://upload.wikimedia.org/wikipedia/commons/3/32/20190616154621%21Echo_Park_Lake_with_Downtown_Los_Angeles_Skyline.jpg|https://media.timeout.com/images/105718842/750/562/image.jpg|https://lp-cms-production.imgix.net/2021-06/shutterstockRF_186048416.jpg?auto=format&w=1440&h=810&fit=crop&q=75|[END]
18|0|https://www.serbia.travel/files/1-Kalemegdan%20%2C%20Beograd%20%2C%20Leto%20%2C%20Pobednik%20%2C%20Shutterstock%20(2)-0-1280x768.jpg|https://www.extracafe.rs/wp-content/uploads/2021/07/kako-je-beograd-dobio-ime.jpg|[END]
19|0|uu|[END]
20|0|uu|[END]
21|0|uu|[END]
22|0|uu|[END]
23|0|uu|[END]
24|0|uu|[END]
25|0|uu|[END]
26|0|uu|[END]
27|0|uu|[END]
28|0|uu|[END]
29|0|uu|[END]
30|0|uu|[END]
31|0|http://mmm.com|http://m123.com|[END]
32|0|https://a.storyblok.com/f/58806/1164x784/20ee327044/berlin_city_01_skyline_unsplash.jpeg|https://www.stenalinetravel.com/content/dam/stenaline/en/images/destinations/germany/20150820_berlin-brandenburg-gate.jpeg|[END]
33|0|https://primerslike.com|[END]
34|0|url|[END]
35|0|ll|[END]
36|0|u|[END]
37|0|nn|[END]
38|0|nn|[END]
39|0|nn|[END]
40|0|nn|[END]
41|0|n|[END]
42|0|hfghfj|[END]
43|0|nn|[END]
44|0|nm|[END]
45|0|c|[END]
46|0|u|[END]
47|0|u|[END]
48|0|u|[END]
49|0|u|[END]
50|0|u|[END]
51|0|u|[END]
52|0|n|[END]
53|0|m|[END]
54|0|n|[END]
55|0|u|[END]
56|0|https://slika.com|https://slikaslika.com|[END]
57|0|http:sdasd|[END]
58|0|http://sdada|[END]
59|0|fasf|[END]
60|0|dgs|[END]
61|0|sada|[END]
62|0|fdh|[END]
63|0|asd|[END]
64|0|aweqwda|[END]
65|0|http://www.dasd.com|[END]
66|0|https://startravelnis.rs/wp-content/uploads/2022/02/madrid-4.jpg|[END]
67|0|https://upload.wikimedia.org/wikipedia/commons/7/74/Melbourne_skyline_sor.jpg|https://i.insider.com/5c17d38801c0ea08470c8fb2?width=600&format=jpeg&auto=webp|[END]
68|0|https://i.insider.com/5c17d38801c0ea08470c8fb2?width=600&format=jpeg&auto=webp|https://upload.wikimedia.org/wikipedia/commons/7/74/Melbourne_skyline_sor.jpg|[END]
69|0|https://i.insider.com/5c17d38801c0ea08470c8fb2?width=600&format=jpeg&auto=webp|https://upload.wikimedia.org/wikipedia/commons/7/74/Melbourne_skyline_sor.jpg|[END]
70|0|https://i.insider.com/5c17d38801c0ea08470c8fb2?width=600&format=jpeg&auto=webp|https://upload.wikimedia.org/wikipedia/commons/7/74/Melbourne_skyline_sor.jpg|[END]
71|0|e|[END]
72|0|n|[END]
73|0|r|[END]
74|0|nn|[END]
75|0|C:\Users\User\Pictures\Camera Roll\IMG_20210228_221029.jpg|C:\Users\User\Pictures\Screenshots\Screenshot (19).png|C:\Users\User\Pictures\Screenshots\Screenshot (14).png|[END]
76|0|https://encrypted-tbn0.gstatic.com/images?q=tbn:ANd9GcS0IVtU1OcfTPsIbhQqAr5k4SlnTuxqpW6Zgg&usqp=CAU|[END]
77|0|http://www.asda.com|[END]
78|0|http://www.slikee.com|http://www.slikee2.com|http://www.slikee3.com|[END]
79|0|http://www.sdas.com|[END]
80|0|http://www.google.com|[END]
81|0|http://www.slika.com|http://www.slika2.com|[END]
