1|Owner|123|Owner
2|Guest|123|Guest
3|Guide|123|Guide
4|Guest2|123|Guest2
5|TrailBlazer|hik3r|Guest
6|CultureCraze|art1st|Guide
7|BeachBum|sands2|Owner
8|FoodieFrenzy|yumyum|Guest
9|AdventureAddict|outdoors|Guide
10|RoadWarrior|driv3r|Owner
11|JetSetter|travel4fun|Guest
12|Backpacker|adventur3|Guest
13|Explorer|discover1|Guest
14|Beachcomber|sun4life|Guest
15|CultureVulture|artsy1|Guest
16|MountainMan|moun7ain|Guest
17|OceanOasis|ocean4ever|Guest
18|TravelingTurtle|slowtravel|Guest
19|GlobalGypsy|worldwide|Guest
20|NatureNerd|leafy1|Guest